"Element 1 - PLOT PLANAR    ( Quad, 4-noded )"
Color 124    Layer 1           AttachTo 17
Nodes   10         31         88         37
"Element 2 - PLOT PLANAR    ( Quad, 4-noded )"
Color 124    Layer 1           AttachTo 17
Nodes   31         30         89         88
"Element 3 - PLOT PLANAR    ( Quad, 4-noded )"
Color 124    Layer 1           AttachTo 17
Nodes   30         29         90         89
"Element 4 - PLOT PLANAR    ( Quad, 4-noded )"
Color 124    Layer 1           AttachTo 17
Nodes   29         28         91         90
"Element 5 - PLOT PLANAR    ( Quad, 4-noded )"
Color 124    Layer 1           AttachTo 17
Nodes   28         27         53         91
"Element 6 - PLOT PLANAR    ( Quad, 4-noded )"
Color 124    Layer 1           AttachTo 17
Nodes   37         88         92         38
"Element 7 - PLOT PLANAR    ( Quad, 4-noded )"
Color 124    Layer 1           AttachTo 17
Nodes   88         89         93         92
"Element 8 - PLOT PLANAR    ( Quad, 4-noded )"
Color 124    Layer 1           AttachTo 17
Nodes   89         90         94         93
"Element 9 - PLOT PLANAR    ( Quad, 4-noded )"
Color 124    Layer 1           AttachTo 17
Nodes   90         91         95         94
"Element 10 - PLOT PLANAR    ( Quad, 4-noded )"
Color 124    Layer 1           AttachTo 17
Nodes   91         53         54         95
"Element 11 - PLOT PLANAR    ( Quad, 4-noded )"
Color 124    Layer 1           AttachTo 17
Nodes   38         92         96         39
"Element 12 - PLOT PLANAR    ( Quad, 4-noded )"
Color 124    Layer 1           AttachTo 17
Nodes   92         93         97         96
"Element 13 - PLOT PLANAR    ( Quad, 4-noded )"
Color 124    Layer 1           AttachTo 17
Nodes   93         94         98         97
"Element 14 - PLOT PLANAR    ( Quad, 4-noded )"
Color 124    Layer 1           AttachTo 17
Nodes   94         95         99         98
"Element 15 - PLOT PLANAR    ( Quad, 4-noded )"
Color 124    Layer 1           AttachTo 17
Nodes   95         54         55         99
"Element 16 - PLOT PLANAR    ( Quad, 4-noded )"
Color 124    Layer 1           AttachTo 17
Nodes   39         96         100        40
"Element 17 - PLOT PLANAR    ( Quad, 4-noded )"
Color 124    Layer 1           AttachTo 17
Nodes   96         97         101        100
"Element 18 - PLOT PLANAR    ( Quad, 4-noded )"
Color 124    Layer 1           AttachTo 17
Nodes   97         98         102        101
"Element 19 - PLOT PLANAR    ( Quad, 4-noded )"
Color 124    Layer 1           AttachTo 17
Nodes   98         99         103        102
"Element 20 - PLOT PLANAR    ( Quad, 4-noded )"
Color 124    Layer 1           AttachTo 17
Nodes   99         55         56         103
"Element 21 - PLOT PLANAR    ( Quad, 4-noded )"
Color 124    Layer 1           AttachTo 17
Nodes   40         100        104        41
"Element 22 - PLOT PLANAR    ( Quad, 4-noded )"
Color 124    Layer 1           AttachTo 17
Nodes   100        101        105        104
"Element 23 - PLOT PLANAR    ( Quad, 4-noded )"
Color 124    Layer 1           AttachTo 17
Nodes   101        102        106        105
"Element 24 - PLOT PLANAR    ( Quad, 4-noded )"
Color 124    Layer 1           AttachTo 17
Nodes   102        103        107        106
"Element 25 - PLOT PLANAR    ( Quad, 4-noded )"
Color 124    Layer 1           AttachTo 17
Nodes   103        56         57         107
"Element 26 - PLOT PLANAR    ( Quad, 4-noded )"
Color 124    Layer 1           AttachTo 17
Nodes   41         104        108        42
"Element 27 - PLOT PLANAR    ( Quad, 4-noded )"
Color 124    Layer 1           AttachTo 17
Nodes   104        105        109        108
"Element 28 - PLOT PLANAR    ( Quad, 4-noded )"
Color 124    Layer 1           AttachTo 17
Nodes   105        106        110        109
"Element 29 - PLOT PLANAR    ( Quad, 4-noded )"
Color 124    Layer 1           AttachTo 17
Nodes   106        107        111        110
"Element 30 - PLOT PLANAR    ( Quad, 4-noded )"
Color 124    Layer 1           AttachTo 17
Nodes   107        57         58         111
"Element 31 - PLOT PLANAR    ( Quad, 4-noded )"
Color 124    Layer 1           AttachTo 17
Nodes   42         108        112        43
"Element 32 - PLOT PLANAR    ( Quad, 4-noded )"
Color 124    Layer 1           AttachTo 17
Nodes   108        109        113        112
"Element 33 - PLOT PLANAR    ( Quad, 4-noded )"
Color 124    Layer 1           AttachTo 17
Nodes   109        110        114        113
"Element 34 - PLOT PLANAR    ( Quad, 4-noded )"
Color 124    Layer 1           AttachTo 17
Nodes   110        111        115        114
"Element 35 - PLOT PLANAR    ( Quad, 4-noded )"
Color 124    Layer 1           AttachTo 17
Nodes   111        58         59         115
"Element 36 - PLOT PLANAR    ( Quad, 4-noded )"
Color 124    Layer 1           AttachTo 17
Nodes   43         112        116        44
"Element 37 - PLOT PLANAR    ( Quad, 4-noded )"
Color 124    Layer 1           AttachTo 17
Nodes   112        113        117        116
"Element 38 - PLOT PLANAR    ( Quad, 4-noded )"
Color 124    Layer 1           AttachTo 17
Nodes   113        114        118        117
"Element 39 - PLOT PLANAR    ( Quad, 4-noded )"
Color 124    Layer 1           AttachTo 17
Nodes   114        115        119        118
"Element 40 - PLOT PLANAR    ( Quad, 4-noded )"
Color 124    Layer 1           AttachTo 17
Nodes   115        59         60         119
"Element 41 - PLOT PLANAR    ( Quad, 4-noded )"
Color 124    Layer 1           AttachTo 17
Nodes   44         116        120        45
"Element 42 - PLOT PLANAR    ( Quad, 4-noded )"
Color 124    Layer 1           AttachTo 17
Nodes   116        117        121        120
"Element 43 - PLOT PLANAR    ( Quad, 4-noded )"
Color 124    Layer 1           AttachTo 17
Nodes   117        118        122        121
"Element 44 - PLOT PLANAR    ( Quad, 4-noded )"
Color 124    Layer 1           AttachTo 17
Nodes   118        119        123        122
"Element 45 - PLOT PLANAR    ( Quad, 4-noded )"
Color 124    Layer 1           AttachTo 17
Nodes   119        60         61         123
"Element 46 - PLOT PLANAR    ( Quad, 4-noded )"
Color 124    Layer 1           AttachTo 17
Nodes   45         120        124        46
"Element 47 - PLOT PLANAR    ( Quad, 4-noded )"
Color 124    Layer 1           AttachTo 17
Nodes   120        121        125        124
"Element 48 - PLOT PLANAR    ( Quad, 4-noded )"
Color 124    Layer 1           AttachTo 17
Nodes   121        122        126        125
"Element 49 - PLOT PLANAR    ( Quad, 4-noded )"
Color 124    Layer 1           AttachTo 17
Nodes   122        123        127        126
"Element 50 - PLOT PLANAR    ( Quad, 4-noded )"
Color 124    Layer 1           AttachTo 17
Nodes   123        61         62         127
"Element 51 - PLOT PLANAR    ( Quad, 4-noded )"
Color 124    Layer 1           AttachTo 17
Nodes   46         124        128        47
"Element 52 - PLOT PLANAR    ( Quad, 4-noded )"
Color 124    Layer 1           AttachTo 17
Nodes   124        125        129        128
"Element 53 - PLOT PLANAR    ( Quad, 4-noded )"
Color 124    Layer 1           AttachTo 17
Nodes   125        126        130        129
"Element 54 - PLOT PLANAR    ( Quad, 4-noded )"
Color 124    Layer 1           AttachTo 17
Nodes   126        127        131        130
"Element 55 - PLOT PLANAR    ( Quad, 4-noded )"
Color 124    Layer 1           AttachTo 17
Nodes   127        62         63         131
"Element 56 - PLOT PLANAR    ( Quad, 4-noded )"
Color 124    Layer 1           AttachTo 17
Nodes   47         128        87         48
"Element 57 - PLOT PLANAR    ( Quad, 4-noded )"
Color 124    Layer 1           AttachTo 17
Nodes   128        129        86         87
"Element 58 - PLOT PLANAR    ( Quad, 4-noded )"
Color 124    Layer 1           AttachTo 17
Nodes   129        130        85         86
"Element 59 - PLOT PLANAR    ( Quad, 4-noded )"
Color 124    Layer 1           AttachTo 17
Nodes   130        131        84         85
"Element 60 - PLOT PLANAR    ( Quad, 4-noded )"
Color 124    Layer 1           AttachTo 17
Nodes   131        63         64         84
"Element 61 - PLOT PLANAR    ( Quad, 4-noded )"
Color 124    Layer 1           AttachTo 2
Nodes   64         63         149        148
"Element 62 - PLOT PLANAR    ( Quad, 4-noded )"
Color 124    Layer 1           AttachTo 2
Nodes   63         62         150        149
"Element 63 - PLOT PLANAR    ( Quad, 4-noded )"
Color 124    Layer 1           AttachTo 2
Nodes   62         61         151        150
"Element 64 - PLOT PLANAR    ( Quad, 4-noded )"
Color 124    Layer 1           AttachTo 2
Nodes   61         60         152        151
"Element 65 - PLOT PLANAR    ( Quad, 4-noded )"
Color 124    Layer 1           AttachTo 2
Nodes   60         59         153        152
"Element 66 - PLOT PLANAR    ( Quad, 4-noded )"
Color 124    Layer 1           AttachTo 2
Nodes   59         58         154        153
"Element 67 - PLOT PLANAR    ( Quad, 4-noded )"
Color 124    Layer 1           AttachTo 2
Nodes   58         57         155        154
"Element 68 - PLOT PLANAR    ( Quad, 4-noded )"
Color 124    Layer 1           AttachTo 2
Nodes   57         56         156        155
"Element 69 - PLOT PLANAR    ( Quad, 4-noded )"
Color 124    Layer 1           AttachTo 2
Nodes   56         55         157        156
"Element 70 - PLOT PLANAR    ( Quad, 4-noded )"
Color 124    Layer 1           AttachTo 2
Nodes   55         54         158        157
"Element 71 - PLOT PLANAR    ( Quad, 4-noded )"
Color 124    Layer 1           AttachTo 2
Nodes   54         53         159        158
"Element 72 - PLOT PLANAR    ( Quad, 4-noded )"
Color 124    Layer 1           AttachTo 2
Nodes   53         27         81         159
"Element 73 - PLOT PLANAR    ( Quad, 4-noded )"
Color 124    Layer 1           AttachTo 2
Nodes   148        149        160        147
"Element 74 - PLOT PLANAR    ( Quad, 4-noded )"
Color 124    Layer 1           AttachTo 2
Nodes   149        150        161        160
"Element 75 - PLOT PLANAR    ( Quad, 4-noded )"
Color 124    Layer 1           AttachTo 2
Nodes   150        151        162        161
"Element 76 - PLOT PLANAR    ( Quad, 4-noded )"
Color 124    Layer 1           AttachTo 2
Nodes   151        152        163        162
"Element 77 - PLOT PLANAR    ( Quad, 4-noded )"
Color 124    Layer 1           AttachTo 2
Nodes   152        153        164        163
"Element 78 - PLOT PLANAR    ( Quad, 4-noded )"
Color 124    Layer 1           AttachTo 2
Nodes   153        154        165        164
"Element 79 - PLOT PLANAR    ( Quad, 4-noded )"
Color 124    Layer 1           AttachTo 2
Nodes   154        155        166        165
"Element 80 - PLOT PLANAR    ( Quad, 4-noded )"
Color 124    Layer 1           AttachTo 2
Nodes   155        156        167        166
"Element 81 - PLOT PLANAR    ( Quad, 4-noded )"
Color 124    Layer 1           AttachTo 2
Nodes   156        157        168        167
"Element 82 - PLOT PLANAR    ( Quad, 4-noded )"
Color 124    Layer 1           AttachTo 2
Nodes   157        158        169        168
"Element 83 - PLOT PLANAR    ( Quad, 4-noded )"
Color 124    Layer 1           AttachTo 2
Nodes   158        159        170        169
"Element 84 - PLOT PLANAR    ( Quad, 4-noded )"
Color 124    Layer 1           AttachTo 2
Nodes   159        81         82         170
"Element 85 - PLOT PLANAR    ( Quad, 4-noded )"
Color 124    Layer 1           AttachTo 2
Nodes   147        160        145        146
"Element 86 - PLOT PLANAR    ( Quad, 4-noded )"
Color 124    Layer 1           AttachTo 2
Nodes   160        161        144        145
"Element 87 - PLOT PLANAR    ( Quad, 4-noded )"
Color 124    Layer 1           AttachTo 2
Nodes   161        162        143        144
"Element 88 - PLOT PLANAR    ( Quad, 4-noded )"
Color 124    Layer 1           AttachTo 2
Nodes   162        163        142        143
"Element 89 - PLOT PLANAR    ( Quad, 4-noded )"
Color 124    Layer 1           AttachTo 2
Nodes   163        164        141        142
"Element 90 - PLOT PLANAR    ( Quad, 4-noded )"
Color 124    Layer 1           AttachTo 2
Nodes   164        165        140        141
"Element 91 - PLOT PLANAR    ( Quad, 4-noded )"
Color 124    Layer 1           AttachTo 2
Nodes   165        166        139        140
"Element 92 - PLOT PLANAR    ( Quad, 4-noded )"
Color 124    Layer 1           AttachTo 2
Nodes   166        167        138        139
"Element 93 - PLOT PLANAR    ( Quad, 4-noded )"
Color 124    Layer 1           AttachTo 2
Nodes   167        168        137        138
"Element 94 - PLOT PLANAR    ( Quad, 4-noded )"
Color 124    Layer 1           AttachTo 2
Nodes   168        169        136        137
"Element 95 - PLOT PLANAR    ( Quad, 4-noded )"
Color 124    Layer 1           AttachTo 2
Nodes   169        170        135        136
"Element 96 - PLOT PLANAR    ( Quad, 4-noded )"
Color 124    Layer 1           AttachTo 2
Nodes   170        82         83         135
"Element 97 - PLOT PLANAR    ( Quad, 4-noded )"
Color 124    Layer 1           AttachTo 4
Nodes   9          171        180        12
"Element 98 - PLOT PLANAR    ( Quad, 4-noded )"
Color 124    Layer 1           AttachTo 4
Nodes   171        172        181        180
"Element 99 - PLOT PLANAR    ( Quad, 4-noded )"
Color 124    Layer 1           AttachTo 4
Nodes   172        173        182        181
"Element 100 - PLOT PLANAR    ( Quad, 4-noded )"
Color 124    Layer 1           AttachTo 4
Nodes   173        174        183        182
"Element 101 - PLOT PLANAR    ( Quad, 4-noded )"
Color 124    Layer 1           AttachTo 4
Nodes   174        175        184        183
"Element 102 - PLOT PLANAR    ( Quad, 4-noded )"
Color 124    Layer 1           AttachTo 4
Nodes   175        176        185        184
"Element 103 - PLOT PLANAR    ( Quad, 4-noded )"
Color 124    Layer 1           AttachTo 4
Nodes   176        177        186        185
"Element 104 - PLOT PLANAR    ( Quad, 4-noded )"
Color 124    Layer 1           AttachTo 4
Nodes   177        178        187        186
"Element 105 - PLOT PLANAR    ( Quad, 4-noded )"
Color 124    Layer 1           AttachTo 4
Nodes   178        179        188        187
"Element 106 - PLOT PLANAR    ( Quad, 4-noded )"
Color 124    Layer 1           AttachTo 4
Nodes   179        1          2          188
"Element 107 - PLOT PLANAR    ( Quad, 4-noded )"
Color 124    Layer 1           AttachTo 4
Nodes   12         180        189        11
"Element 108 - PLOT PLANAR    ( Quad, 4-noded )"
Color 124    Layer 1           AttachTo 4
Nodes   180        181        190        189
"Element 109 - PLOT PLANAR    ( Quad, 4-noded )"
Color 124    Layer 1           AttachTo 4
Nodes   181        182        191        190
"Element 110 - PLOT PLANAR    ( Quad, 4-noded )"
Color 124    Layer 1           AttachTo 4
Nodes   182        183        192        191
"Element 111 - PLOT PLANAR    ( Quad, 4-noded )"
Color 124    Layer 1           AttachTo 4
Nodes   183        184        193        192
"Element 112 - PLOT PLANAR    ( Quad, 4-noded )"
Color 124    Layer 1           AttachTo 4
Nodes   184        185        194        193
"Element 113 - PLOT PLANAR    ( Quad, 4-noded )"
Color 124    Layer 1           AttachTo 4
Nodes   185        186        195        194
"Element 114 - PLOT PLANAR    ( Quad, 4-noded )"
Color 124    Layer 1           AttachTo 4
Nodes   186        187        196        195
"Element 115 - PLOT PLANAR    ( Quad, 4-noded )"
Color 124    Layer 1           AttachTo 4
Nodes   187        188        197        196
"Element 116 - PLOT PLANAR    ( Quad, 4-noded )"
Color 124    Layer 1           AttachTo 4
Nodes   188        2          3          197
"Element 117 - PLOT PLANAR    ( Quad, 4-noded )"
Color 124    Layer 1           AttachTo 4
Nodes   11         189        31         10
"Element 118 - PLOT PLANAR    ( Quad, 4-noded )"
Color 124    Layer 1           AttachTo 4
Nodes   189        190        30         31
"Element 119 - PLOT PLANAR    ( Quad, 4-noded )"
Color 124    Layer 1           AttachTo 4
Nodes   190        191        29         30
"Element 120 - PLOT PLANAR    ( Quad, 4-noded )"
Color 124    Layer 1           AttachTo 4
Nodes   191        192        28         29
"Element 121 - PLOT PLANAR    ( Quad, 4-noded )"
Color 124    Layer 1           AttachTo 4
Nodes   192        193        27         28
"Element 122 - PLOT PLANAR    ( Quad, 4-noded )"
Color 124    Layer 1           AttachTo 4
Nodes   193        194        68         27
"Element 123 - PLOT PLANAR    ( Quad, 4-noded )"
Color 124    Layer 1           AttachTo 4
Nodes   194        195        67         68
"Element 124 - PLOT PLANAR    ( Quad, 4-noded )"
Color 124    Layer 1           AttachTo 4
Nodes   195        196        66         67
"Element 125 - PLOT PLANAR    ( Quad, 4-noded )"
Color 124    Layer 1           AttachTo 4
Nodes   196        197        65         66
"Element 126 - PLOT PLANAR    ( Quad, 4-noded )"
Color 124    Layer 1           AttachTo 4
Nodes   197        3          4          65
"Element 127 - PLOT PLANAR    ( Quad, 4-noded )"
Color 124    Layer 1           AttachTo 7
Nodes   27         68         209        81
"Element 128 - PLOT PLANAR    ( Quad, 4-noded )"
Color 124    Layer 1           AttachTo 7
Nodes   68         67         210        209
"Element 129 - PLOT PLANAR    ( Quad, 4-noded )"
Color 124    Layer 1           AttachTo 7
Nodes   67         66         211        210
"Element 130 - PLOT PLANAR    ( Quad, 4-noded )"
Color 124    Layer 1           AttachTo 7
Nodes   66         65         212        211
"Element 131 - PLOT PLANAR    ( Quad, 4-noded )"
Color 124    Layer 1           AttachTo 7
Nodes   65         4          132        212
"Element 132 - PLOT PLANAR    ( Quad, 4-noded )"
Color 124    Layer 1           AttachTo 7
Nodes   81         209        213        82
"Element 133 - PLOT PLANAR    ( Quad, 4-noded )"
Color 124    Layer 1           AttachTo 7
Nodes   209        210        214        213
"Element 134 - PLOT PLANAR    ( Quad, 4-noded )"
Color 124    Layer 1           AttachTo 7
Nodes   210        211        215        214
"Element 135 - PLOT PLANAR    ( Quad, 4-noded )"
Color 124    Layer 1           AttachTo 7
Nodes   211        212        216        215
"Element 136 - PLOT PLANAR    ( Quad, 4-noded )"
Color 124    Layer 1           AttachTo 7
Nodes   212        132        133        216
"Element 137 - PLOT PLANAR    ( Quad, 4-noded )"
Color 124    Layer 1           AttachTo 7
Nodes   82         213        208        83
"Element 138 - PLOT PLANAR    ( Quad, 4-noded )"
Color 124    Layer 1           AttachTo 7
Nodes   213        214        207        208
"Element 139 - PLOT PLANAR    ( Quad, 4-noded )"
Color 124    Layer 1           AttachTo 7
Nodes   214        215        206        207
"Element 140 - PLOT PLANAR    ( Quad, 4-noded )"
Color 124    Layer 1           AttachTo 7
Nodes   215        216        205        206
"Element 141 - PLOT PLANAR    ( Quad, 4-noded )"
Color 124    Layer 1           AttachTo 7
Nodes   216        133        134        205
"Element 142 - PLOT PLANAR    ( Quad, 4-noded )"
Color 124    Layer 1           AttachTo 8
Nodes   4          21         233        132
"Element 143 - PLOT PLANAR    ( Quad, 4-noded )"
Color 124    Layer 1           AttachTo 8
Nodes   21         20         234        233
"Element 144 - PLOT PLANAR    ( Quad, 4-noded )"
Color 124    Layer 1           AttachTo 8
Nodes   20         19         235        234
"Element 145 - PLOT PLANAR    ( Quad, 4-noded )"
Color 124    Layer 1           AttachTo 8
Nodes   19         18         236        235
"Element 146 - PLOT PLANAR    ( Quad, 4-noded )"
Color 124    Layer 1           AttachTo 8
Nodes   18         17         198        236
"Element 147 - PLOT PLANAR    ( Quad, 4-noded )"
Color 124    Layer 1           AttachTo 8
Nodes   132        233        237        133
"Element 148 - PLOT PLANAR    ( Quad, 4-noded )"
Color 124    Layer 1           AttachTo 8
Nodes   233        234        238        237
"Element 149 - PLOT PLANAR    ( Quad, 4-noded )"
Color 124    Layer 1           AttachTo 8
Nodes   234        235        239        238
"Element 150 - PLOT PLANAR    ( Quad, 4-noded )"
Color 124    Layer 1           AttachTo 8
Nodes   235        236        240        239
"Element 151 - PLOT PLANAR    ( Quad, 4-noded )"
Color 124    Layer 1           AttachTo 8
Nodes   236        198        199        240
"Element 152 - PLOT PLANAR    ( Quad, 4-noded )"
Color 124    Layer 1           AttachTo 8
Nodes   133        237        232        134
"Element 153 - PLOT PLANAR    ( Quad, 4-noded )"
Color 124    Layer 1           AttachTo 8
Nodes   237        238        231        232
"Element 154 - PLOT PLANAR    ( Quad, 4-noded )"
Color 124    Layer 1           AttachTo 8
Nodes   238        239        230        231
"Element 155 - PLOT PLANAR    ( Quad, 4-noded )"
Color 124    Layer 1           AttachTo 8
Nodes   239        240        229        230
"Element 156 - PLOT PLANAR    ( Quad, 4-noded )"
Color 124    Layer 1           AttachTo 8
Nodes   240        199        200        229
"Element 157 - PLOT PLANAR    ( Quad, 4-noded )"
Color 124    Layer 1           AttachTo 5
Nodes   4          3          262        21
"Element 158 - PLOT PLANAR    ( Quad, 4-noded )"
Color 124    Layer 1           AttachTo 5
Nodes   3          2          263        262
"Element 159 - PLOT PLANAR    ( Quad, 4-noded )"
Color 124    Layer 1           AttachTo 5
Nodes   2          1          253        263
"Element 160 - PLOT PLANAR    ( Quad, 4-noded )"
Color 124    Layer 1           AttachTo 5
Nodes   21         262        264        20
"Element 161 - PLOT PLANAR    ( Quad, 4-noded )"
Color 124    Layer 1           AttachTo 5
Nodes   262        263        265        264
"Element 162 - PLOT PLANAR    ( Quad, 4-noded )"
Color 124    Layer 1           AttachTo 5
Nodes   263        253        254        265
"Element 163 - PLOT PLANAR    ( Quad, 4-noded )"
Color 124    Layer 1           AttachTo 5
Nodes   20         264        266        19
"Element 164 - PLOT PLANAR    ( Quad, 4-noded )"
Color 124    Layer 1           AttachTo 5
Nodes   264        265        267        266
"Element 165 - PLOT PLANAR    ( Quad, 4-noded )"
Color 124    Layer 1           AttachTo 5
Nodes   265        254        255        267
"Element 166 - PLOT PLANAR    ( Quad, 4-noded )"
Color 124    Layer 1           AttachTo 5
Nodes   19         266        268        18
"Element 167 - PLOT PLANAR    ( Quad, 4-noded )"
Color 124    Layer 1           AttachTo 5
Nodes   266        267        269        268
"Element 168 - PLOT PLANAR    ( Quad, 4-noded )"
Color 124    Layer 1           AttachTo 5
Nodes   267        255        256        269
"Element 169 - PLOT PLANAR    ( Quad, 4-noded )"
Color 124    Layer 1           AttachTo 5
Nodes   18         268        270        17
"Element 170 - PLOT PLANAR    ( Quad, 4-noded )"
Color 124    Layer 1           AttachTo 5
Nodes   268        269        271        270
"Element 171 - PLOT PLANAR    ( Quad, 4-noded )"
Color 124    Layer 1           AttachTo 5
Nodes   269        256        257        271
"Element 172 - PLOT PLANAR    ( Quad, 4-noded )"
Color 124    Layer 1           AttachTo 5
Nodes   17         270        272        204
"Element 173 - PLOT PLANAR    ( Quad, 4-noded )"
Color 124    Layer 1           AttachTo 5
Nodes   270        271        273        272
"Element 174 - PLOT PLANAR    ( Quad, 4-noded )"
Color 124    Layer 1           AttachTo 5
Nodes   271        257        258        273
"Element 175 - PLOT PLANAR    ( Quad, 4-noded )"
Color 124    Layer 1           AttachTo 5
Nodes   204        272        274        203
"Element 176 - PLOT PLANAR    ( Quad, 4-noded )"
Color 124    Layer 1           AttachTo 5
Nodes   272        273        275        274
"Element 177 - PLOT PLANAR    ( Quad, 4-noded )"
Color 124    Layer 1           AttachTo 5
Nodes   273        258        259        275
"Element 178 - PLOT PLANAR    ( Quad, 4-noded )"
Color 124    Layer 1           AttachTo 5
Nodes   203        274        276        202
"Element 179 - PLOT PLANAR    ( Quad, 4-noded )"
Color 124    Layer 1           AttachTo 5
Nodes   274        275        277        276
"Element 180 - PLOT PLANAR    ( Quad, 4-noded )"
Color 124    Layer 1           AttachTo 5
Nodes   275        259        260        277
"Element 181 - PLOT PLANAR    ( Quad, 4-noded )"
Color 124    Layer 1           AttachTo 5
Nodes   202        276        278        201
"Element 182 - PLOT PLANAR    ( Quad, 4-noded )"
Color 124    Layer 1           AttachTo 5
Nodes   276        277        279        278
"Element 183 - PLOT PLANAR    ( Quad, 4-noded )"
Color 124    Layer 1           AttachTo 5
Nodes   277        260        261        279
"Element 184 - PLOT PLANAR    ( Quad, 4-noded )"
Color 124    Layer 1           AttachTo 5
Nodes   201        278        7          8
"Element 185 - PLOT PLANAR    ( Quad, 4-noded )"
Color 124    Layer 1           AttachTo 5
Nodes   278        279        6          7
"Element 186 - PLOT PLANAR    ( Quad, 4-noded )"
Color 124    Layer 1           AttachTo 5
Nodes   279        261        5          6
"Element 187 - PLOT PLANAR    ( Quad, 4-noded )"
Color 124    Layer 1           AttachTo 9
Nodes   200        199        294        293
"Element 188 - PLOT PLANAR    ( Quad, 4-noded )"
Color 124    Layer 1           AttachTo 9
Nodes   199        198        295        294
"Element 189 - PLOT PLANAR    ( Quad, 4-noded )"
Color 124    Layer 1           AttachTo 9
Nodes   198        17         217        295
"Element 190 - PLOT PLANAR    ( Quad, 4-noded )"
Color 124    Layer 1           AttachTo 9
Nodes   293        294        296        292
"Element 191 - PLOT PLANAR    ( Quad, 4-noded )"
Color 124    Layer 1           AttachTo 9
Nodes   294        295        297        296
"Element 192 - PLOT PLANAR    ( Quad, 4-noded )"
Color 124    Layer 1           AttachTo 9
Nodes   295        217        218        297
"Element 193 - PLOT PLANAR    ( Quad, 4-noded )"
Color 124    Layer 1           AttachTo 9
Nodes   292        296        298        291
"Element 194 - PLOT PLANAR    ( Quad, 4-noded )"
Color 124    Layer 1           AttachTo 9
Nodes   296        297        299        298
"Element 195 - PLOT PLANAR    ( Quad, 4-noded )"
Color 124    Layer 1           AttachTo 9
Nodes   297        218        219        299
"Element 196 - PLOT PLANAR    ( Quad, 4-noded )"
Color 124    Layer 1           AttachTo 9
Nodes   291        298        300        290
"Element 197 - PLOT PLANAR    ( Quad, 4-noded )"
Color 124    Layer 1           AttachTo 9
Nodes   298        299        301        300
"Element 198 - PLOT PLANAR    ( Quad, 4-noded )"
Color 124    Layer 1           AttachTo 9
Nodes   299        219        220        301
"Element 199 - PLOT PLANAR    ( Quad, 4-noded )"
Color 124    Layer 1           AttachTo 9
Nodes   290        300        302        289
"Element 200 - PLOT PLANAR    ( Quad, 4-noded )"
Color 124    Layer 1           AttachTo 9
Nodes   300        301        303        302
"Element 201 - PLOT PLANAR    ( Quad, 4-noded )"
Color 124    Layer 1           AttachTo 9
Nodes   301        220        221        303
"Element 202 - PLOT PLANAR    ( Quad, 4-noded )"
Color 124    Layer 1           AttachTo 9
Nodes   289        302        304        288
"Element 203 - PLOT PLANAR    ( Quad, 4-noded )"
Color 124    Layer 1           AttachTo 9
Nodes   302        303        305        304
"Element 204 - PLOT PLANAR    ( Quad, 4-noded )"
Color 124    Layer 1           AttachTo 9
Nodes   303        221        222        305
"Element 205 - PLOT PLANAR    ( Quad, 4-noded )"
Color 124    Layer 1           AttachTo 9
Nodes   288        304        306        287
"Element 206 - PLOT PLANAR    ( Quad, 4-noded )"
Color 124    Layer 1           AttachTo 9
Nodes   304        305        307        306
"Element 207 - PLOT PLANAR    ( Quad, 4-noded )"
Color 124    Layer 1           AttachTo 9
Nodes   305        222        223        307
"Element 208 - PLOT PLANAR    ( Quad, 4-noded )"
Color 124    Layer 1           AttachTo 9
Nodes   287        306        308        286
"Element 209 - PLOT PLANAR    ( Quad, 4-noded )"
Color 124    Layer 1           AttachTo 9
Nodes   306        307        309        308
"Element 210 - PLOT PLANAR    ( Quad, 4-noded )"
Color 124    Layer 1           AttachTo 9
Nodes   307        223        224        309
"Element 211 - PLOT PLANAR    ( Quad, 4-noded )"
Color 124    Layer 1           AttachTo 9
Nodes   286        308        310        285
"Element 212 - PLOT PLANAR    ( Quad, 4-noded )"
Color 124    Layer 1           AttachTo 9
Nodes   308        309        311        310
"Element 213 - PLOT PLANAR    ( Quad, 4-noded )"
Color 124    Layer 1           AttachTo 9
Nodes   309        224        225        311
"Element 214 - PLOT PLANAR    ( Quad, 4-noded )"
Color 124    Layer 1           AttachTo 9
Nodes   285        310        312        284
"Element 215 - PLOT PLANAR    ( Quad, 4-noded )"
Color 124    Layer 1           AttachTo 9
Nodes   310        311        313        312
"Element 216 - PLOT PLANAR    ( Quad, 4-noded )"
Color 124    Layer 1           AttachTo 9
Nodes   311        225        226        313
"Element 217 - PLOT PLANAR    ( Quad, 4-noded )"
Color 124    Layer 1           AttachTo 9
Nodes   284        312        314        283
"Element 218 - PLOT PLANAR    ( Quad, 4-noded )"
Color 124    Layer 1           AttachTo 9
Nodes   312        313        315        314
"Element 219 - PLOT PLANAR    ( Quad, 4-noded )"
Color 124    Layer 1           AttachTo 9
Nodes   313        226        227        315
"Element 220 - PLOT PLANAR    ( Quad, 4-noded )"
Color 124    Layer 1           AttachTo 9
Nodes   283        314        281        282
"Element 221 - PLOT PLANAR    ( Quad, 4-noded )"
Color 124    Layer 1           AttachTo 9
Nodes   314        315        280        281
"Element 222 - PLOT PLANAR    ( Quad, 4-noded )"
Color 124    Layer 1           AttachTo 9
Nodes   315        227        228        280
"Element 223 - PLOT PLANAR    ( Quad, 4-noded )"
Color 124    Layer 1           AttachTo 10
Nodes   17         204        336        217
"Element 224 - PLOT PLANAR    ( Quad, 4-noded )"
Color 124    Layer 1           AttachTo 10
Nodes   204        203        337        336
"Element 225 - PLOT PLANAR    ( Quad, 4-noded )"
Color 124    Layer 1           AttachTo 10
Nodes   203        202        338        337
"Element 226 - PLOT PLANAR    ( Quad, 4-noded )"
Color 124    Layer 1           AttachTo 10
Nodes   202        201        339        338
"Element 227 - PLOT PLANAR    ( Quad, 4-noded )"
Color 124    Layer 1           AttachTo 10
Nodes   201        8          241        339
"Element 228 - PLOT PLANAR    ( Quad, 4-noded )"
Color 124    Layer 1           AttachTo 10
Nodes   217        336        340        218
"Element 229 - PLOT PLANAR    ( Quad, 4-noded )"
Color 124    Layer 1           AttachTo 10
Nodes   336        337        341        340
"Element 230 - PLOT PLANAR    ( Quad, 4-noded )"
Color 124    Layer 1           AttachTo 10
Nodes   337        338        342        341
"Element 231 - PLOT PLANAR    ( Quad, 4-noded )"
Color 124    Layer 1           AttachTo 10
Nodes   338        339        343        342
"Element 232 - PLOT PLANAR    ( Quad, 4-noded )"
Color 124    Layer 1           AttachTo 10
Nodes   339        241        242        343
"Element 233 - PLOT PLANAR    ( Quad, 4-noded )"
Color 124    Layer 1           AttachTo 10
Nodes   218        340        344        219
"Element 234 - PLOT PLANAR    ( Quad, 4-noded )"
Color 124    Layer 1           AttachTo 10
Nodes   340        341        345        344
"Element 235 - PLOT PLANAR    ( Quad, 4-noded )"
Color 124    Layer 1           AttachTo 10
Nodes   341        342        346        345
"Element 236 - PLOT PLANAR    ( Quad, 4-noded )"
Color 124    Layer 1           AttachTo 10
Nodes   342        343        347        346
"Element 237 - PLOT PLANAR    ( Quad, 4-noded )"
Color 124    Layer 1           AttachTo 10
Nodes   343        242        243        347
"Element 238 - PLOT PLANAR    ( Quad, 4-noded )"
Color 124    Layer 1           AttachTo 10
Nodes   219        344        348        220
"Element 239 - PLOT PLANAR    ( Quad, 4-noded )"
Color 124    Layer 1           AttachTo 10
Nodes   344        345        349        348
"Element 240 - PLOT PLANAR    ( Quad, 4-noded )"
Color 124    Layer 1           AttachTo 10
Nodes   345        346        350        349
"Element 241 - PLOT PLANAR    ( Quad, 4-noded )"
Color 124    Layer 1           AttachTo 10
Nodes   346        347        351        350
"Element 242 - PLOT PLANAR    ( Quad, 4-noded )"
Color 124    Layer 1           AttachTo 10
Nodes   347        243        244        351
"Element 243 - PLOT PLANAR    ( Quad, 4-noded )"
Color 124    Layer 1           AttachTo 10
Nodes   220        348        352        221
"Element 244 - PLOT PLANAR    ( Quad, 4-noded )"
Color 124    Layer 1           AttachTo 10
Nodes   348        349        353        352
"Element 245 - PLOT PLANAR    ( Quad, 4-noded )"
Color 124    Layer 1           AttachTo 10
Nodes   349        350        354        353
"Element 246 - PLOT PLANAR    ( Quad, 4-noded )"
Color 124    Layer 1           AttachTo 10
Nodes   350        351        355        354
"Element 247 - PLOT PLANAR    ( Quad, 4-noded )"
Color 124    Layer 1           AttachTo 10
Nodes   351        244        245        355
"Element 248 - PLOT PLANAR    ( Quad, 4-noded )"
Color 124    Layer 1           AttachTo 10
Nodes   221        352        356        222
"Element 249 - PLOT PLANAR    ( Quad, 4-noded )"
Color 124    Layer 1           AttachTo 10
Nodes   352        353        357        356
"Element 250 - PLOT PLANAR    ( Quad, 4-noded )"
Color 124    Layer 1           AttachTo 10
Nodes   353        354        358        357
"Element 251 - PLOT PLANAR    ( Quad, 4-noded )"
Color 124    Layer 1           AttachTo 10
Nodes   354        355        359        358
"Element 252 - PLOT PLANAR    ( Quad, 4-noded )"
Color 124    Layer 1           AttachTo 10
Nodes   355        245        246        359
"Element 253 - PLOT PLANAR    ( Quad, 4-noded )"
Color 124    Layer 1           AttachTo 10
Nodes   222        356        360        223
"Element 254 - PLOT PLANAR    ( Quad, 4-noded )"
Color 124    Layer 1           AttachTo 10
Nodes   356        357        361        360
"Element 255 - PLOT PLANAR    ( Quad, 4-noded )"
Color 124    Layer 1           AttachTo 10
Nodes   357        358        362        361
"Element 256 - PLOT PLANAR    ( Quad, 4-noded )"
Color 124    Layer 1           AttachTo 10
Nodes   358        359        363        362
"Element 257 - PLOT PLANAR    ( Quad, 4-noded )"
Color 124    Layer 1           AttachTo 10
Nodes   359        246        247        363
"Element 258 - PLOT PLANAR    ( Quad, 4-noded )"
Color 124    Layer 1           AttachTo 10
Nodes   223        360        364        224
"Element 259 - PLOT PLANAR    ( Quad, 4-noded )"
Color 124    Layer 1           AttachTo 10
Nodes   360        361        365        364
"Element 260 - PLOT PLANAR    ( Quad, 4-noded )"
Color 124    Layer 1           AttachTo 10
Nodes   361        362        366        365
"Element 261 - PLOT PLANAR    ( Quad, 4-noded )"
Color 124    Layer 1           AttachTo 10
Nodes   362        363        367        366
"Element 262 - PLOT PLANAR    ( Quad, 4-noded )"
Color 124    Layer 1           AttachTo 10
Nodes   363        247        248        367
"Element 263 - PLOT PLANAR    ( Quad, 4-noded )"
Color 124    Layer 1           AttachTo 10
Nodes   224        364        368        225
"Element 264 - PLOT PLANAR    ( Quad, 4-noded )"
Color 124    Layer 1           AttachTo 10
Nodes   364        365        369        368
"Element 265 - PLOT PLANAR    ( Quad, 4-noded )"
Color 124    Layer 1           AttachTo 10
Nodes   365        366        370        369
"Element 266 - PLOT PLANAR    ( Quad, 4-noded )"
Color 124    Layer 1           AttachTo 10
Nodes   366        367        371        370
"Element 267 - PLOT PLANAR    ( Quad, 4-noded )"
Color 124    Layer 1           AttachTo 10
Nodes   367        248        249        371
"Element 268 - PLOT PLANAR    ( Quad, 4-noded )"
Color 124    Layer 1           AttachTo 10
Nodes   225        368        372        226
"Element 269 - PLOT PLANAR    ( Quad, 4-noded )"
Color 124    Layer 1           AttachTo 10
Nodes   368        369        373        372
"Element 270 - PLOT PLANAR    ( Quad, 4-noded )"
Color 124    Layer 1           AttachTo 10
Nodes   369        370        374        373
"Element 271 - PLOT PLANAR    ( Quad, 4-noded )"
Color 124    Layer 1           AttachTo 10
Nodes   370        371        375        374
"Element 272 - PLOT PLANAR    ( Quad, 4-noded )"
Color 124    Layer 1           AttachTo 10
Nodes   371        249        250        375
"Element 273 - PLOT PLANAR    ( Quad, 4-noded )"
Color 124    Layer 1           AttachTo 10
Nodes   226        372        376        227
"Element 274 - PLOT PLANAR    ( Quad, 4-noded )"
Color 124    Layer 1           AttachTo 10
Nodes   372        373        377        376
"Element 275 - PLOT PLANAR    ( Quad, 4-noded )"
Color 124    Layer 1           AttachTo 10
Nodes   373        374        378        377
"Element 276 - PLOT PLANAR    ( Quad, 4-noded )"
Color 124    Layer 1           AttachTo 10
Nodes   374        375        379        378
"Element 277 - PLOT PLANAR    ( Quad, 4-noded )"
Color 124    Layer 1           AttachTo 10
Nodes   375        250        251        379
"Element 278 - PLOT PLANAR    ( Quad, 4-noded )"
Color 124    Layer 1           AttachTo 10
Nodes   227        376        335        228
"Element 279 - PLOT PLANAR    ( Quad, 4-noded )"
Color 124    Layer 1           AttachTo 10
Nodes   376        377        334        335
"Element 280 - PLOT PLANAR    ( Quad, 4-noded )"
Color 124    Layer 1           AttachTo 10
Nodes   377        378        333        334
"Element 281 - PLOT PLANAR    ( Quad, 4-noded )"
Color 124    Layer 1           AttachTo 10
Nodes   378        379        332        333
"Element 282 - PLOT PLANAR    ( Quad, 4-noded )"
Color 124    Layer 1           AttachTo 10
Nodes   379        251        252        332
"Element 283 - PLOT PLANAR    ( Quad, 4-noded )"
Color 124    Layer 1           AttachTo 11
Nodes   8          36         387        241
"Element 284 - PLOT PLANAR    ( Quad, 4-noded )"
Color 124    Layer 1           AttachTo 11
Nodes   36         35         388        387
"Element 285 - PLOT PLANAR    ( Quad, 4-noded )"
Color 124    Layer 1           AttachTo 11
Nodes   35         34         389        388
"Element 286 - PLOT PLANAR    ( Quad, 4-noded )"
Color 124    Layer 1           AttachTo 11
Nodes   34         33         390        389
"Element 287 - PLOT PLANAR    ( Quad, 4-noded )"
Color 124    Layer 1           AttachTo 11
Nodes   33         32         316        390
"Element 288 - PLOT PLANAR    ( Quad, 4-noded )"
Color 124    Layer 1           AttachTo 11
Nodes   241        387        391        242
"Element 289 - PLOT PLANAR    ( Quad, 4-noded )"
Color 124    Layer 1           AttachTo 11
Nodes   387        388        392        391
"Element 290 - PLOT PLANAR    ( Quad, 4-noded )"
Color 124    Layer 1           AttachTo 11
Nodes   388        389        393        392
"Element 291 - PLOT PLANAR    ( Quad, 4-noded )"
Color 124    Layer 1           AttachTo 11
Nodes   389        390        394        393
"Element 292 - PLOT PLANAR    ( Quad, 4-noded )"
Color 124    Layer 1           AttachTo 11
Nodes   390        316        317        394
"Element 293 - PLOT PLANAR    ( Quad, 4-noded )"
Color 124    Layer 1           AttachTo 11
Nodes   242        391        395        243
"Element 294 - PLOT PLANAR    ( Quad, 4-noded )"
Color 124    Layer 1           AttachTo 11
Nodes   391        392        396        395
"Element 295 - PLOT PLANAR    ( Quad, 4-noded )"
Color 124    Layer 1           AttachTo 11
Nodes   392        393        397        396
"Element 296 - PLOT PLANAR    ( Quad, 4-noded )"
Color 124    Layer 1           AttachTo 11
Nodes   393        394        398        397
"Element 297 - PLOT PLANAR    ( Quad, 4-noded )"
Color 124    Layer 1           AttachTo 11
Nodes   394        317        318        398
"Element 298 - PLOT PLANAR    ( Quad, 4-noded )"
Color 124    Layer 1           AttachTo 11
Nodes   243        395        399        244
"Element 299 - PLOT PLANAR    ( Quad, 4-noded )"
Color 124    Layer 1           AttachTo 11
Nodes   395        396        400        399
"Element 300 - PLOT PLANAR    ( Quad, 4-noded )"
Color 124    Layer 1           AttachTo 11
Nodes   396        397        401        400
"Element 301 - PLOT PLANAR    ( Quad, 4-noded )"
Color 124    Layer 1           AttachTo 11
Nodes   397        398        402        401
"Element 302 - PLOT PLANAR    ( Quad, 4-noded )"
Color 124    Layer 1           AttachTo 11
Nodes   398        318        319        402
"Element 303 - PLOT PLANAR    ( Quad, 4-noded )"
Color 124    Layer 1           AttachTo 11
Nodes   244        399        403        245
"Element 304 - PLOT PLANAR    ( Quad, 4-noded )"
Color 124    Layer 1           AttachTo 11
Nodes   399        400        404        403
"Element 305 - PLOT PLANAR    ( Quad, 4-noded )"
Color 124    Layer 1           AttachTo 11
Nodes   400        401        405        404
"Element 306 - PLOT PLANAR    ( Quad, 4-noded )"
Color 124    Layer 1           AttachTo 11
Nodes   401        402        406        405
"Element 307 - PLOT PLANAR    ( Quad, 4-noded )"
Color 124    Layer 1           AttachTo 11
Nodes   402        319        320        406
"Element 308 - PLOT PLANAR    ( Quad, 4-noded )"
Color 124    Layer 1           AttachTo 11
Nodes   245        403        407        246
"Element 309 - PLOT PLANAR    ( Quad, 4-noded )"
Color 124    Layer 1           AttachTo 11
Nodes   403        404        408        407
"Element 310 - PLOT PLANAR    ( Quad, 4-noded )"
Color 124    Layer 1           AttachTo 11
Nodes   404        405        409        408
"Element 311 - PLOT PLANAR    ( Quad, 4-noded )"
Color 124    Layer 1           AttachTo 11
Nodes   405        406        410        409
"Element 312 - PLOT PLANAR    ( Quad, 4-noded )"
Color 124    Layer 1           AttachTo 11
Nodes   406        320        321        410
"Element 313 - PLOT PLANAR    ( Quad, 4-noded )"
Color 124    Layer 1           AttachTo 11
Nodes   246        407        411        247
"Element 314 - PLOT PLANAR    ( Quad, 4-noded )"
Color 124    Layer 1           AttachTo 11
Nodes   407        408        412        411
"Element 315 - PLOT PLANAR    ( Quad, 4-noded )"
Color 124    Layer 1           AttachTo 11
Nodes   408        409        413        412
"Element 316 - PLOT PLANAR    ( Quad, 4-noded )"
Color 124    Layer 1           AttachTo 11
Nodes   409        410        414        413
"Element 317 - PLOT PLANAR    ( Quad, 4-noded )"
Color 124    Layer 1           AttachTo 11
Nodes   410        321        322        414
"Element 318 - PLOT PLANAR    ( Quad, 4-noded )"
Color 124    Layer 1           AttachTo 11
Nodes   247        411        415        248
"Element 319 - PLOT PLANAR    ( Quad, 4-noded )"
Color 124    Layer 1           AttachTo 11
Nodes   411        412        416        415
"Element 320 - PLOT PLANAR    ( Quad, 4-noded )"
Color 124    Layer 1           AttachTo 11
Nodes   412        413        417        416
"Element 321 - PLOT PLANAR    ( Quad, 4-noded )"
Color 124    Layer 1           AttachTo 11
Nodes   413        414        418        417
"Element 322 - PLOT PLANAR    ( Quad, 4-noded )"
Color 124    Layer 1           AttachTo 11
Nodes   414        322        323        418
"Element 323 - PLOT PLANAR    ( Quad, 4-noded )"
Color 124    Layer 1           AttachTo 11
Nodes   248        415        419        249
"Element 324 - PLOT PLANAR    ( Quad, 4-noded )"
Color 124    Layer 1           AttachTo 11
Nodes   415        416        420        419
"Element 325 - PLOT PLANAR    ( Quad, 4-noded )"
Color 124    Layer 1           AttachTo 11
Nodes   416        417        421        420
"Element 326 - PLOT PLANAR    ( Quad, 4-noded )"
Color 124    Layer 1           AttachTo 11
Nodes   417        418        422        421
"Element 327 - PLOT PLANAR    ( Quad, 4-noded )"
Color 124    Layer 1           AttachTo 11
Nodes   418        323        324        422
"Element 328 - PLOT PLANAR    ( Quad, 4-noded )"
Color 124    Layer 1           AttachTo 11
Nodes   249        419        423        250
"Element 329 - PLOT PLANAR    ( Quad, 4-noded )"
Color 124    Layer 1           AttachTo 11
Nodes   419        420        424        423
"Element 330 - PLOT PLANAR    ( Quad, 4-noded )"
Color 124    Layer 1           AttachTo 11
Nodes   420        421        425        424
"Element 331 - PLOT PLANAR    ( Quad, 4-noded )"
Color 124    Layer 1           AttachTo 11
Nodes   421        422        426        425
"Element 332 - PLOT PLANAR    ( Quad, 4-noded )"
Color 124    Layer 1           AttachTo 11
Nodes   422        324        325        426
"Element 333 - PLOT PLANAR    ( Quad, 4-noded )"
Color 124    Layer 1           AttachTo 11
Nodes   250        423        427        251
"Element 334 - PLOT PLANAR    ( Quad, 4-noded )"
Color 124    Layer 1           AttachTo 11
Nodes   423        424        428        427
"Element 335 - PLOT PLANAR    ( Quad, 4-noded )"
Color 124    Layer 1           AttachTo 11
Nodes   424        425        429        428
"Element 336 - PLOT PLANAR    ( Quad, 4-noded )"
Color 124    Layer 1           AttachTo 11
Nodes   425        426        430        429
"Element 337 - PLOT PLANAR    ( Quad, 4-noded )"
Color 124    Layer 1           AttachTo 11
Nodes   426        325        326        430
"Element 338 - PLOT PLANAR    ( Quad, 4-noded )"
Color 124    Layer 1           AttachTo 11
Nodes   251        427        386        252
"Element 339 - PLOT PLANAR    ( Quad, 4-noded )"
Color 124    Layer 1           AttachTo 11
Nodes   427        428        385        386
"Element 340 - PLOT PLANAR    ( Quad, 4-noded )"
Color 124    Layer 1           AttachTo 11
Nodes   428        429        384        385
"Element 341 - PLOT PLANAR    ( Quad, 4-noded )"
Color 124    Layer 1           AttachTo 11
Nodes   429        430        383        384
"Element 342 - PLOT PLANAR    ( Quad, 4-noded )"
Color 124    Layer 1           AttachTo 11
Nodes   430        326        327        383
"Element 343 - PLOT PLANAR    ( Quad, 4-noded )"
Color 124    Layer 1           AttachTo 6
Nodes   13         14         443        442
"Element 344 - PLOT PLANAR    ( Quad, 4-noded )"
Color 124    Layer 1           AttachTo 6
Nodes   14         15         444        443
"Element 345 - PLOT PLANAR    ( Quad, 4-noded )"
Color 124    Layer 1           AttachTo 6
Nodes   15         16         328        444
"Element 346 - PLOT PLANAR    ( Quad, 4-noded )"
Color 124    Layer 1           AttachTo 6
Nodes   442        443        445        441
"Element 347 - PLOT PLANAR    ( Quad, 4-noded )"
Color 124    Layer 1           AttachTo 6
Nodes   443        444        446        445
"Element 348 - PLOT PLANAR    ( Quad, 4-noded )"
Color 124    Layer 1           AttachTo 6
Nodes   444        328        329        446
"Element 349 - PLOT PLANAR    ( Quad, 4-noded )"
Color 124    Layer 1           AttachTo 6
Nodes   441        445        447        440
"Element 350 - PLOT PLANAR    ( Quad, 4-noded )"
Color 124    Layer 1           AttachTo 6
Nodes   445        446        448        447
"Element 351 - PLOT PLANAR    ( Quad, 4-noded )"
Color 124    Layer 1           AttachTo 6
Nodes   446        329        330        448
"Element 352 - PLOT PLANAR    ( Quad, 4-noded )"
Color 124    Layer 1           AttachTo 6
Nodes   440        447        449        439
"Element 353 - PLOT PLANAR    ( Quad, 4-noded )"
Color 124    Layer 1           AttachTo 6
Nodes   447        448        450        449
"Element 354 - PLOT PLANAR    ( Quad, 4-noded )"
Color 124    Layer 1           AttachTo 6
Nodes   448        330        331        450
"Element 355 - PLOT PLANAR    ( Quad, 4-noded )"
Color 124    Layer 1           AttachTo 6
Nodes   439        449        451        438
"Element 356 - PLOT PLANAR    ( Quad, 4-noded )"
Color 124    Layer 1           AttachTo 6
Nodes   449        450        452        451
"Element 357 - PLOT PLANAR    ( Quad, 4-noded )"
Color 124    Layer 1           AttachTo 6
Nodes   450        331        32         452
"Element 358 - PLOT PLANAR    ( Quad, 4-noded )"
Color 124    Layer 1           AttachTo 6
Nodes   438        451        453        437
"Element 359 - PLOT PLANAR    ( Quad, 4-noded )"
Color 124    Layer 1           AttachTo 6
Nodes   451        452        454        453
"Element 360 - PLOT PLANAR    ( Quad, 4-noded )"
Color 124    Layer 1           AttachTo 6
Nodes   452        32         33         454
"Element 361 - PLOT PLANAR    ( Quad, 4-noded )"
Color 124    Layer 1           AttachTo 6
Nodes   437        453        455        436
"Element 362 - PLOT PLANAR    ( Quad, 4-noded )"
Color 124    Layer 1           AttachTo 6
Nodes   453        454        456        455
"Element 363 - PLOT PLANAR    ( Quad, 4-noded )"
Color 124    Layer 1           AttachTo 6
Nodes   454        33         34         456
"Element 364 - PLOT PLANAR    ( Quad, 4-noded )"
Color 124    Layer 1           AttachTo 6
Nodes   436        455        457        435
"Element 365 - PLOT PLANAR    ( Quad, 4-noded )"
Color 124    Layer 1           AttachTo 6
Nodes   455        456        458        457
"Element 366 - PLOT PLANAR    ( Quad, 4-noded )"
Color 124    Layer 1           AttachTo 6
Nodes   456        34         35         458
"Element 367 - PLOT PLANAR    ( Quad, 4-noded )"
Color 124    Layer 1           AttachTo 6
Nodes   435        457        459        434
"Element 368 - PLOT PLANAR    ( Quad, 4-noded )"
Color 124    Layer 1           AttachTo 6
Nodes   457        458        460        459
"Element 369 - PLOT PLANAR    ( Quad, 4-noded )"
Color 124    Layer 1           AttachTo 6
Nodes   458        35         36         460
"Element 370 - PLOT PLANAR    ( Quad, 4-noded )"
Color 124    Layer 1           AttachTo 6
Nodes   434        459        6          5
"Element 371 - PLOT PLANAR    ( Quad, 4-noded )"
Color 124    Layer 1           AttachTo 6
Nodes   459        460        7          6
"Element 372 - PLOT PLANAR    ( Quad, 4-noded )"
Color 124    Layer 1           AttachTo 6
Nodes   460        36         8          7
"Element 373 - PLOT PLANAR    ( Quad, 4-noded )"
Color 124    Layer 1           AttachTo 12
Nodes   327        326        475        474
"Element 374 - PLOT PLANAR    ( Quad, 4-noded )"
Color 124    Layer 1           AttachTo 12
Nodes   326        325        476        475
"Element 375 - PLOT PLANAR    ( Quad, 4-noded )"
Color 124    Layer 1           AttachTo 12
Nodes   325        324        477        476
"Element 376 - PLOT PLANAR    ( Quad, 4-noded )"
Color 124    Layer 1           AttachTo 12
Nodes   324        323        478        477
"Element 377 - PLOT PLANAR    ( Quad, 4-noded )"
Color 124    Layer 1           AttachTo 12
Nodes   323        322        479        478
"Element 378 - PLOT PLANAR    ( Quad, 4-noded )"
Color 124    Layer 1           AttachTo 12
Nodes   322        321        480        479
"Element 379 - PLOT PLANAR    ( Quad, 4-noded )"
Color 124    Layer 1           AttachTo 12
Nodes   321        320        481        480
"Element 380 - PLOT PLANAR    ( Quad, 4-noded )"
Color 124    Layer 1           AttachTo 12
Nodes   320        319        482        481
"Element 381 - PLOT PLANAR    ( Quad, 4-noded )"
Color 124    Layer 1           AttachTo 12
Nodes   319        318        483        482
"Element 382 - PLOT PLANAR    ( Quad, 4-noded )"
Color 124    Layer 1           AttachTo 12
Nodes   318        317        484        483
"Element 383 - PLOT PLANAR    ( Quad, 4-noded )"
Color 124    Layer 1           AttachTo 12
Nodes   317        316        485        484
"Element 384 - PLOT PLANAR    ( Quad, 4-noded )"
Color 124    Layer 1           AttachTo 12
Nodes   316        32         380        485
"Element 385 - PLOT PLANAR    ( Quad, 4-noded )"
Color 124    Layer 1           AttachTo 12
Nodes   474        475        486        473
"Element 386 - PLOT PLANAR    ( Quad, 4-noded )"
Color 124    Layer 1           AttachTo 12
Nodes   475        476        487        486
"Element 387 - PLOT PLANAR    ( Quad, 4-noded )"
Color 124    Layer 1           AttachTo 12
Nodes   476        477        488        487
"Element 388 - PLOT PLANAR    ( Quad, 4-noded )"
Color 124    Layer 1           AttachTo 12
Nodes   477        478        489        488
"Element 389 - PLOT PLANAR    ( Quad, 4-noded )"
Color 124    Layer 1           AttachTo 12
Nodes   478        479        490        489
"Element 390 - PLOT PLANAR    ( Quad, 4-noded )"
Color 124    Layer 1           AttachTo 12
Nodes   479        480        491        490
"Element 391 - PLOT PLANAR    ( Quad, 4-noded )"
Color 124    Layer 1           AttachTo 12
Nodes   480        481        492        491
"Element 392 - PLOT PLANAR    ( Quad, 4-noded )"
Color 124    Layer 1           AttachTo 12
Nodes   481        482        493        492
"Element 393 - PLOT PLANAR    ( Quad, 4-noded )"
Color 124    Layer 1           AttachTo 12
Nodes   482        483        494        493
"Element 394 - PLOT PLANAR    ( Quad, 4-noded )"
Color 124    Layer 1           AttachTo 12
Nodes   483        484        495        494
"Element 395 - PLOT PLANAR    ( Quad, 4-noded )"
Color 124    Layer 1           AttachTo 12
Nodes   484        485        496        495
"Element 396 - PLOT PLANAR    ( Quad, 4-noded )"
Color 124    Layer 1           AttachTo 12
Nodes   485        380        381        496
"Element 397 - PLOT PLANAR    ( Quad, 4-noded )"
Color 124    Layer 1           AttachTo 12
Nodes   473        486        471        472
"Element 398 - PLOT PLANAR    ( Quad, 4-noded )"
Color 124    Layer 1           AttachTo 12
Nodes   486        487        470        471
"Element 399 - PLOT PLANAR    ( Quad, 4-noded )"
Color 124    Layer 1           AttachTo 12
Nodes   487        488        469        470
"Element 400 - PLOT PLANAR    ( Quad, 4-noded )"
Color 124    Layer 1           AttachTo 12
Nodes   488        489        468        469
"Element 401 - PLOT PLANAR    ( Quad, 4-noded )"
Color 124    Layer 1           AttachTo 12
Nodes   489        490        467        468
"Element 402 - PLOT PLANAR    ( Quad, 4-noded )"
Color 124    Layer 1           AttachTo 12
Nodes   490        491        466        467
"Element 403 - PLOT PLANAR    ( Quad, 4-noded )"
Color 124    Layer 1           AttachTo 12
Nodes   491        492        465        466
"Element 404 - PLOT PLANAR    ( Quad, 4-noded )"
Color 124    Layer 1           AttachTo 12
Nodes   492        493        464        465
"Element 405 - PLOT PLANAR    ( Quad, 4-noded )"
Color 124    Layer 1           AttachTo 12
Nodes   493        494        463        464
"Element 406 - PLOT PLANAR    ( Quad, 4-noded )"
Color 124    Layer 1           AttachTo 12
Nodes   494        495        462        463
"Element 407 - PLOT PLANAR    ( Quad, 4-noded )"
Color 124    Layer 1           AttachTo 12
Nodes   495        496        461        462
"Element 408 - PLOT PLANAR    ( Quad, 4-noded )"
Color 124    Layer 1           AttachTo 12
Nodes   496        381        382        461
"Element 409 - PLOT PLANAR    ( Quad, 4-noded )"
Color 124    Layer 1           AttachTo 3
Nodes   16         15         509        52
"Element 410 - PLOT PLANAR    ( Quad, 4-noded )"
Color 124    Layer 1           AttachTo 3
Nodes   15         14         510        509
"Element 411 - PLOT PLANAR    ( Quad, 4-noded )"
Color 124    Layer 1           AttachTo 3
Nodes   14         13         500        510
"Element 412 - PLOT PLANAR    ( Quad, 4-noded )"
Color 124    Layer 1           AttachTo 3
Nodes   52         509        511        51
"Element 413 - PLOT PLANAR    ( Quad, 4-noded )"
Color 124    Layer 1           AttachTo 3
Nodes   509        510        512        511
"Element 414 - PLOT PLANAR    ( Quad, 4-noded )"
Color 124    Layer 1           AttachTo 3
Nodes   510        500        501        512
"Element 415 - PLOT PLANAR    ( Quad, 4-noded )"
Color 124    Layer 1           AttachTo 3
Nodes   51         511        513        50
"Element 416 - PLOT PLANAR    ( Quad, 4-noded )"
Color 124    Layer 1           AttachTo 3
Nodes   511        512        514        513
"Element 417 - PLOT PLANAR    ( Quad, 4-noded )"
Color 124    Layer 1           AttachTo 3
Nodes   512        501        502        514
"Element 418 - PLOT PLANAR    ( Quad, 4-noded )"
Color 124    Layer 1           AttachTo 3
Nodes   50         513        515        49
"Element 419 - PLOT PLANAR    ( Quad, 4-noded )"
Color 124    Layer 1           AttachTo 3
Nodes   513        514        516        515
"Element 420 - PLOT PLANAR    ( Quad, 4-noded )"
Color 124    Layer 1           AttachTo 3
Nodes   514        502        503        516
"Element 421 - PLOT PLANAR    ( Quad, 4-noded )"
Color 124    Layer 1           AttachTo 3
Nodes   49         515        517        22
"Element 422 - PLOT PLANAR    ( Quad, 4-noded )"
Color 124    Layer 1           AttachTo 3
Nodes   515        516        518        517
"Element 423 - PLOT PLANAR    ( Quad, 4-noded )"
Color 124    Layer 1           AttachTo 3
Nodes   516        503        504        518
"Element 424 - PLOT PLANAR    ( Quad, 4-noded )"
Color 124    Layer 1           AttachTo 3
Nodes   22         517        519        26
"Element 425 - PLOT PLANAR    ( Quad, 4-noded )"
Color 124    Layer 1           AttachTo 3
Nodes   517        518        520        519
"Element 426 - PLOT PLANAR    ( Quad, 4-noded )"
Color 124    Layer 1           AttachTo 3
Nodes   518        504        505        520
"Element 427 - PLOT PLANAR    ( Quad, 4-noded )"
Color 124    Layer 1           AttachTo 3
Nodes   26         519        521        25
"Element 428 - PLOT PLANAR    ( Quad, 4-noded )"
Color 124    Layer 1           AttachTo 3
Nodes   519        520        522        521
"Element 429 - PLOT PLANAR    ( Quad, 4-noded )"
Color 124    Layer 1           AttachTo 3
Nodes   520        505        506        522
"Element 430 - PLOT PLANAR    ( Quad, 4-noded )"
Color 124    Layer 1           AttachTo 3
Nodes   25         521        523        24
"Element 431 - PLOT PLANAR    ( Quad, 4-noded )"
Color 124    Layer 1           AttachTo 3
Nodes   521        522        524        523
"Element 432 - PLOT PLANAR    ( Quad, 4-noded )"
Color 124    Layer 1           AttachTo 3
Nodes   522        506        507        524
"Element 433 - PLOT PLANAR    ( Quad, 4-noded )"
Color 124    Layer 1           AttachTo 3
Nodes   24         523        525        23
"Element 434 - PLOT PLANAR    ( Quad, 4-noded )"
Color 124    Layer 1           AttachTo 3
Nodes   523        524        526        525
"Element 435 - PLOT PLANAR    ( Quad, 4-noded )"
Color 124    Layer 1           AttachTo 3
Nodes   524        507        508        526
"Element 436 - PLOT PLANAR    ( Quad, 4-noded )"
Color 124    Layer 1           AttachTo 3
Nodes   23         525        11         10
"Element 437 - PLOT PLANAR    ( Quad, 4-noded )"
Color 124    Layer 1           AttachTo 3
Nodes   525        526        12         11
"Element 438 - PLOT PLANAR    ( Quad, 4-noded )"
Color 124    Layer 1           AttachTo 3
Nodes   526        508        9          12
"Element 439 - PLOT PLANAR    ( Quad, 4-noded )"
Color 124    Layer 1           AttachTo 13
Nodes   32         331        531        380
"Element 440 - PLOT PLANAR    ( Quad, 4-noded )"
Color 124    Layer 1           AttachTo 13
Nodes   331        330        532        531
"Element 441 - PLOT PLANAR    ( Quad, 4-noded )"
Color 124    Layer 1           AttachTo 13
Nodes   330        329        533        532
"Element 442 - PLOT PLANAR    ( Quad, 4-noded )"
Color 124    Layer 1           AttachTo 13
Nodes   329        328        534        533
"Element 443 - PLOT PLANAR    ( Quad, 4-noded )"
Color 124    Layer 1           AttachTo 13
Nodes   328        16         431        534
"Element 444 - PLOT PLANAR    ( Quad, 4-noded )"
Color 124    Layer 1           AttachTo 13
Nodes   380        531        535        381
"Element 445 - PLOT PLANAR    ( Quad, 4-noded )"
Color 124    Layer 1           AttachTo 13
Nodes   531        532        536        535
"Element 446 - PLOT PLANAR    ( Quad, 4-noded )"
Color 124    Layer 1           AttachTo 13
Nodes   532        533        537        536
"Element 447 - PLOT PLANAR    ( Quad, 4-noded )"
Color 124    Layer 1           AttachTo 13
Nodes   533        534        538        537
"Element 448 - PLOT PLANAR    ( Quad, 4-noded )"
Color 124    Layer 1           AttachTo 13
Nodes   534        431        432        538
"Element 449 - PLOT PLANAR    ( Quad, 4-noded )"
Color 124    Layer 1           AttachTo 13
Nodes   381        535        530        382
"Element 450 - PLOT PLANAR    ( Quad, 4-noded )"
Color 124    Layer 1           AttachTo 13
Nodes   535        536        529        530
"Element 451 - PLOT PLANAR    ( Quad, 4-noded )"
Color 124    Layer 1           AttachTo 13
Nodes   536        537        528        529
"Element 452 - PLOT PLANAR    ( Quad, 4-noded )"
Color 124    Layer 1           AttachTo 13
Nodes   537        538        527        528
"Element 453 - PLOT PLANAR    ( Quad, 4-noded )"
Color 124    Layer 1           AttachTo 13
Nodes   538        432        433        527
"Element 454 - PLOT PLANAR    ( Quad, 4-noded )"
Color 124    Layer 1           AttachTo 15
Nodes   499        498        553        552
"Element 455 - PLOT PLANAR    ( Quad, 4-noded )"
Color 124    Layer 1           AttachTo 15
Nodes   498        497        554        553
"Element 456 - PLOT PLANAR    ( Quad, 4-noded )"
Color 124    Layer 1           AttachTo 15
Nodes   497        22         80         554
"Element 457 - PLOT PLANAR    ( Quad, 4-noded )"
Color 124    Layer 1           AttachTo 15
Nodes   552        553        555        551
"Element 458 - PLOT PLANAR    ( Quad, 4-noded )"
Color 124    Layer 1           AttachTo 15
Nodes   553        554        556        555
"Element 459 - PLOT PLANAR    ( Quad, 4-noded )"
Color 124    Layer 1           AttachTo 15
Nodes   554        80         79         556
"Element 460 - PLOT PLANAR    ( Quad, 4-noded )"
Color 124    Layer 1           AttachTo 15
Nodes   551        555        557        550
"Element 461 - PLOT PLANAR    ( Quad, 4-noded )"
Color 124    Layer 1           AttachTo 15
Nodes   555        556        558        557
"Element 462 - PLOT PLANAR    ( Quad, 4-noded )"
Color 124    Layer 1           AttachTo 15
Nodes   556        79         78         558
"Element 463 - PLOT PLANAR    ( Quad, 4-noded )"
Color 124    Layer 1           AttachTo 15
Nodes   550        557        559        549
"Element 464 - PLOT PLANAR    ( Quad, 4-noded )"
Color 124    Layer 1           AttachTo 15
Nodes   557        558        560        559
"Element 465 - PLOT PLANAR    ( Quad, 4-noded )"
Color 124    Layer 1           AttachTo 15
Nodes   558        78         77         560
"Element 466 - PLOT PLANAR    ( Quad, 4-noded )"
Color 124    Layer 1           AttachTo 15
Nodes   549        559        561        548
"Element 467 - PLOT PLANAR    ( Quad, 4-noded )"
Color 124    Layer 1           AttachTo 15
Nodes   559        560        562        561
"Element 468 - PLOT PLANAR    ( Quad, 4-noded )"
Color 124    Layer 1           AttachTo 15
Nodes   560        77         76         562
"Element 469 - PLOT PLANAR    ( Quad, 4-noded )"
Color 124    Layer 1           AttachTo 15
Nodes   548        561        563        547
"Element 470 - PLOT PLANAR    ( Quad, 4-noded )"
Color 124    Layer 1           AttachTo 15
Nodes   561        562        564        563
"Element 471 - PLOT PLANAR    ( Quad, 4-noded )"
Color 124    Layer 1           AttachTo 15
Nodes   562        76         75         564
"Element 472 - PLOT PLANAR    ( Quad, 4-noded )"
Color 124    Layer 1           AttachTo 15
Nodes   547        563        565        546
"Element 473 - PLOT PLANAR    ( Quad, 4-noded )"
Color 124    Layer 1           AttachTo 15
Nodes   563        564        566        565
"Element 474 - PLOT PLANAR    ( Quad, 4-noded )"
Color 124    Layer 1           AttachTo 15
Nodes   564        75         74         566
"Element 475 - PLOT PLANAR    ( Quad, 4-noded )"
Color 124    Layer 1           AttachTo 15
Nodes   546        565        567        545
"Element 476 - PLOT PLANAR    ( Quad, 4-noded )"
Color 124    Layer 1           AttachTo 15
Nodes   565        566        568        567
"Element 477 - PLOT PLANAR    ( Quad, 4-noded )"
Color 124    Layer 1           AttachTo 15
Nodes   566        74         73         568
"Element 478 - PLOT PLANAR    ( Quad, 4-noded )"
Color 124    Layer 1           AttachTo 15
Nodes   545        567        569        544
"Element 479 - PLOT PLANAR    ( Quad, 4-noded )"
Color 124    Layer 1           AttachTo 15
Nodes   567        568        570        569
"Element 480 - PLOT PLANAR    ( Quad, 4-noded )"
Color 124    Layer 1           AttachTo 15
Nodes   568        73         72         570
"Element 481 - PLOT PLANAR    ( Quad, 4-noded )"
Color 124    Layer 1           AttachTo 15
Nodes   544        569        571        543
"Element 482 - PLOT PLANAR    ( Quad, 4-noded )"
Color 124    Layer 1           AttachTo 15
Nodes   569        570        572        571
"Element 483 - PLOT PLANAR    ( Quad, 4-noded )"
Color 124    Layer 1           AttachTo 15
Nodes   570        72         71         572
"Element 484 - PLOT PLANAR    ( Quad, 4-noded )"
Color 124    Layer 1           AttachTo 15
Nodes   543        571        573        542
"Element 485 - PLOT PLANAR    ( Quad, 4-noded )"
Color 124    Layer 1           AttachTo 15
Nodes   571        572        574        573
"Element 486 - PLOT PLANAR    ( Quad, 4-noded )"
Color 124    Layer 1           AttachTo 15
Nodes   572        71         70         574
"Element 487 - PLOT PLANAR    ( Quad, 4-noded )"
Color 124    Layer 1           AttachTo 15
Nodes   542        573        540        541
"Element 488 - PLOT PLANAR    ( Quad, 4-noded )"
Color 124    Layer 1           AttachTo 15
Nodes   573        574        539        540
"Element 489 - PLOT PLANAR    ( Quad, 4-noded )"
Color 124    Layer 1           AttachTo 15
Nodes   574        70         69         539
"Element 490 - PLOT PLANAR    ( Quad, 4-noded )"
Color 124    Layer 1           AttachTo 14
Nodes   16         52         579        431
"Element 491 - PLOT PLANAR    ( Quad, 4-noded )"
Color 124    Layer 1           AttachTo 14
Nodes   52         51         580        579
"Element 492 - PLOT PLANAR    ( Quad, 4-noded )"
Color 124    Layer 1           AttachTo 14
Nodes   51         50         581        580
"Element 493 - PLOT PLANAR    ( Quad, 4-noded )"
Color 124    Layer 1           AttachTo 14
Nodes   50         49         582        581
"Element 494 - PLOT PLANAR    ( Quad, 4-noded )"
Color 124    Layer 1           AttachTo 14
Nodes   49         22         497        582
"Element 495 - PLOT PLANAR    ( Quad, 4-noded )"
Color 124    Layer 1           AttachTo 14
Nodes   431        579        583        432
"Element 496 - PLOT PLANAR    ( Quad, 4-noded )"
Color 124    Layer 1           AttachTo 14
Nodes   579        580        584        583
"Element 497 - PLOT PLANAR    ( Quad, 4-noded )"
Color 124    Layer 1           AttachTo 14
Nodes   580        581        585        584
"Element 498 - PLOT PLANAR    ( Quad, 4-noded )"
Color 124    Layer 1           AttachTo 14
Nodes   581        582        586        585
"Element 499 - PLOT PLANAR    ( Quad, 4-noded )"
Color 124    Layer 1           AttachTo 14
Nodes   582        497        498        586
"Element 500 - PLOT PLANAR    ( Quad, 4-noded )"
Color 124    Layer 1           AttachTo 14
Nodes   432        583        578        433
"Element 501 - PLOT PLANAR    ( Quad, 4-noded )"
Color 124    Layer 1           AttachTo 14
Nodes   583        584        577        578
"Element 502 - PLOT PLANAR    ( Quad, 4-noded )"
Color 124    Layer 1           AttachTo 14
Nodes   584        585        576        577
"Element 503 - PLOT PLANAR    ( Quad, 4-noded )"
Color 124    Layer 1           AttachTo 14
Nodes   585        586        575        576
"Element 504 - PLOT PLANAR    ( Quad, 4-noded )"
Color 124    Layer 1           AttachTo 14
Nodes   586        498        499        575
"Element 505 - PLOT PLANAR    ( Quad, 4-noded )"
Color 124    Layer 1           AttachTo 16
Nodes   22         26         591        80
"Element 506 - PLOT PLANAR    ( Quad, 4-noded )"
Color 124    Layer 1           AttachTo 16
Nodes   26         25         592        591
"Element 507 - PLOT PLANAR    ( Quad, 4-noded )"
Color 124    Layer 1           AttachTo 16
Nodes   25         24         593        592
"Element 508 - PLOT PLANAR    ( Quad, 4-noded )"
Color 124    Layer 1           AttachTo 16
Nodes   24         23         594        593
"Element 509 - PLOT PLANAR    ( Quad, 4-noded )"
Color 124    Layer 1           AttachTo 16
Nodes   23         10         37         594
"Element 510 - PLOT PLANAR    ( Quad, 4-noded )"
Color 124    Layer 1           AttachTo 16
Nodes   80         591        595        79
"Element 511 - PLOT PLANAR    ( Quad, 4-noded )"
Color 124    Layer 1           AttachTo 16
Nodes   591        592        596        595
"Element 512 - PLOT PLANAR    ( Quad, 4-noded )"
Color 124    Layer 1           AttachTo 16
Nodes   592        593        597        596
"Element 513 - PLOT PLANAR    ( Quad, 4-noded )"
Color 124    Layer 1           AttachTo 16
Nodes   593        594        598        597
"Element 514 - PLOT PLANAR    ( Quad, 4-noded )"
Color 124    Layer 1           AttachTo 16
Nodes   594        37         38         598
"Element 515 - PLOT PLANAR    ( Quad, 4-noded )"
Color 124    Layer 1           AttachTo 16
Nodes   79         595        599        78
"Element 516 - PLOT PLANAR    ( Quad, 4-noded )"
Color 124    Layer 1           AttachTo 16
Nodes   595        596        600        599
"Element 517 - PLOT PLANAR    ( Quad, 4-noded )"
Color 124    Layer 1           AttachTo 16
Nodes   596        597        601        600
"Element 518 - PLOT PLANAR    ( Quad, 4-noded )"
Color 124    Layer 1           AttachTo 16
Nodes   597        598        602        601
"Element 519 - PLOT PLANAR    ( Quad, 4-noded )"
Color 124    Layer 1           AttachTo 16
Nodes   598        38         39         602
"Element 520 - PLOT PLANAR    ( Quad, 4-noded )"
Color 124    Layer 1           AttachTo 16
Nodes   78         599        603        77
"Element 521 - PLOT PLANAR    ( Quad, 4-noded )"
Color 124    Layer 1           AttachTo 16
Nodes   599        600        604        603
"Element 522 - PLOT PLANAR    ( Quad, 4-noded )"
Color 124    Layer 1           AttachTo 16
Nodes   600        601        605        604
"Element 523 - PLOT PLANAR    ( Quad, 4-noded )"
Color 124    Layer 1           AttachTo 16
Nodes   601        602        606        605
"Element 524 - PLOT PLANAR    ( Quad, 4-noded )"
Color 124    Layer 1           AttachTo 16
Nodes   602        39         40         606
"Element 525 - PLOT PLANAR    ( Quad, 4-noded )"
Color 124    Layer 1           AttachTo 16
Nodes   77         603        607        76
"Element 526 - PLOT PLANAR    ( Quad, 4-noded )"
Color 124    Layer 1           AttachTo 16
Nodes   603        604        608        607
"Element 527 - PLOT PLANAR    ( Quad, 4-noded )"
Color 124    Layer 1           AttachTo 16
Nodes   604        605        609        608
"Element 528 - PLOT PLANAR    ( Quad, 4-noded )"
Color 124    Layer 1           AttachTo 16
Nodes   605        606        610        609
"Element 529 - PLOT PLANAR    ( Quad, 4-noded )"
Color 124    Layer 1           AttachTo 16
Nodes   606        40         41         610
"Element 530 - PLOT PLANAR    ( Quad, 4-noded )"
Color 124    Layer 1           AttachTo 16
Nodes   76         607        611        75
"Element 531 - PLOT PLANAR    ( Quad, 4-noded )"
Color 124    Layer 1           AttachTo 16
Nodes   607        608        612        611
"Element 532 - PLOT PLANAR    ( Quad, 4-noded )"
Color 124    Layer 1           AttachTo 16
Nodes   608        609        613        612
"Element 533 - PLOT PLANAR    ( Quad, 4-noded )"
Color 124    Layer 1           AttachTo 16
Nodes   609        610        614        613
"Element 534 - PLOT PLANAR    ( Quad, 4-noded )"
Color 124    Layer 1           AttachTo 16
Nodes   610        41         42         614
"Element 535 - PLOT PLANAR    ( Quad, 4-noded )"
Color 124    Layer 1           AttachTo 16
Nodes   75         611        615        74
"Element 536 - PLOT PLANAR    ( Quad, 4-noded )"
Color 124    Layer 1           AttachTo 16
Nodes   611        612        616        615
"Element 537 - PLOT PLANAR    ( Quad, 4-noded )"
Color 124    Layer 1           AttachTo 16
Nodes   612        613        617        616
"Element 538 - PLOT PLANAR    ( Quad, 4-noded )"
Color 124    Layer 1           AttachTo 16
Nodes   613        614        618        617
"Element 539 - PLOT PLANAR    ( Quad, 4-noded )"
Color 124    Layer 1           AttachTo 16
Nodes   614        42         43         618
"Element 540 - PLOT PLANAR    ( Quad, 4-noded )"
Color 124    Layer 1           AttachTo 16
Nodes   74         615        619        73
"Element 541 - PLOT PLANAR    ( Quad, 4-noded )"
Color 124    Layer 1           AttachTo 16
Nodes   615        616        620        619
"Element 542 - PLOT PLANAR    ( Quad, 4-noded )"
Color 124    Layer 1           AttachTo 16
Nodes   616        617        621        620
"Element 543 - PLOT PLANAR    ( Quad, 4-noded )"
Color 124    Layer 1           AttachTo 16
Nodes   617        618        622        621
"Element 544 - PLOT PLANAR    ( Quad, 4-noded )"
Color 124    Layer 1           AttachTo 16
Nodes   618        43         44         622
"Element 545 - PLOT PLANAR    ( Quad, 4-noded )"
Color 124    Layer 1           AttachTo 16
Nodes   73         619        623        72
"Element 546 - PLOT PLANAR    ( Quad, 4-noded )"
Color 124    Layer 1           AttachTo 16
Nodes   619        620        624        623
"Element 547 - PLOT PLANAR    ( Quad, 4-noded )"
Color 124    Layer 1           AttachTo 16
Nodes   620        621        625        624
"Element 548 - PLOT PLANAR    ( Quad, 4-noded )"
Color 124    Layer 1           AttachTo 16
Nodes   621        622        626        625
"Element 549 - PLOT PLANAR    ( Quad, 4-noded )"
Color 124    Layer 1           AttachTo 16
Nodes   622        44         45         626
"Element 550 - PLOT PLANAR    ( Quad, 4-noded )"
Color 124    Layer 1           AttachTo 16
Nodes   72         623        627        71
"Element 551 - PLOT PLANAR    ( Quad, 4-noded )"
Color 124    Layer 1           AttachTo 16
Nodes   623        624        628        627
"Element 552 - PLOT PLANAR    ( Quad, 4-noded )"
Color 124    Layer 1           AttachTo 16
Nodes   624        625        629        628
"Element 553 - PLOT PLANAR    ( Quad, 4-noded )"
Color 124    Layer 1           AttachTo 16
Nodes   625        626        630        629
"Element 554 - PLOT PLANAR    ( Quad, 4-noded )"
Color 124    Layer 1           AttachTo 16
Nodes   626        45         46         630
"Element 555 - PLOT PLANAR    ( Quad, 4-noded )"
Color 124    Layer 1           AttachTo 16
Nodes   71         627        631        70
"Element 556 - PLOT PLANAR    ( Quad, 4-noded )"
Color 124    Layer 1           AttachTo 16
Nodes   627        628        632        631
"Element 557 - PLOT PLANAR    ( Quad, 4-noded )"
Color 124    Layer 1           AttachTo 16
Nodes   628        629        633        632
"Element 558 - PLOT PLANAR    ( Quad, 4-noded )"
Color 124    Layer 1           AttachTo 16
Nodes   629        630        634        633
"Element 559 - PLOT PLANAR    ( Quad, 4-noded )"
Color 124    Layer 1           AttachTo 16
Nodes   630        46         47         634
"Element 560 - PLOT PLANAR    ( Quad, 4-noded )"
Color 124    Layer 1           AttachTo 16
Nodes   70         631        590        69
"Element 561 - PLOT PLANAR    ( Quad, 4-noded )"
Color 124    Layer 1           AttachTo 16
Nodes   631        632        589        590
"Element 562 - PLOT PLANAR    ( Quad, 4-noded )"
Color 124    Layer 1           AttachTo 16
Nodes   632        633        588        589
"Element 563 - PLOT PLANAR    ( Quad, 4-noded )"
Color 124    Layer 1           AttachTo 16
Nodes   633        634        587        588
"Element 564 - PLOT PLANAR    ( Quad, 4-noded )"
Color 124    Layer 1           AttachTo 16
Nodes   634        47         48         587